{
  "entities": [
    {
      "name": "Reliance Industries Limited",
      "type": "Company"
    },
    {
      "name": "Shri Mukesh D. Ambani",
      "type": "Person"
    },
    {
      "name": "Shri. Dhirubhai H. Ambani",
      "type": "Person"
    },
    {
      "name": "TIME100",
      "type": "Award"
    },
    {
      "name": "GRI Standards",
      "type": "Framework"
    },
    {
      "name": "National Guidelines for Responsible Business Conduct (NGRBC)",
      "type": "Framework"
    },
    {
      "name": "United Nations Sustainable Development Goals (UN SDGs)",
      "type": "Framework"
    }
  ],
  "relationships": [
    {
      "head": "Shri Mukesh D. Ambani",
      "tail": "Reliance Industries Limited",
      "type": "Chairman and Managing Director of"
    },
    {
      "head": "Shri. Dhirubhai H. Ambani",
      "tail": "Reliance Industries Limited",
      "type": "Founder Chairman of"
    },
    {
      "head": "Reliance Industries Limited",
      "tail": "Fortune Global 500",
      "type": "Ranked in"
    },
    {
      "head": "Reliance Industries Limited",
      "tail": "Forbes Global 2000",
      "type": "Ranked in"
    },
    {
      "head": "Reliance Industries Limited",
      "tail": "TIME100",
      "type": "Recognized by"
    }
  ],
  "facts": [
    {
      "statement": "Reliance Industries Limited is India\u2019s largest private sector enterprise.",
      "source": "text"
    },
    {
      "statement": "The report contains forward-looking statements.",
      "source": "text"
    },
    {
      "statement": "The report outlines RIL\u2019s commitment to stakeholder value creation.",
      "source": "text"
    },
    {
      "statement": "The company engages with over 400 Mn+ viewers daily.",
      "source": "text"
    }
  ]
}